run_id,timestamp,model_name,task,backend,device,batch_size,warmup_runs,max_steps,Total Samples,Top-1 Accuracy,Top-5 Accuracy,Precision (Macro),Recall (Macro),F1-Score (Macro),Average Latency (ms),P99 Latency (ms),hw_gpu_util_avg,hw_gpu_util_max,hw_gpu_mem_peak_mb,hw_gpu_temp_c_avg,hw_gpu_temp_c_max,hw_gpu_power_w_avg,hw_gpu_clock_avg_mhz,hw_cpu_util_avg,hw_ram_peak_mb,hw_gpu_name,hw_gpu_total_mb,hw_gpu_vram_baseline_mb,hw_gpu_mem_benchmark_mb,MAE,MSE,RMSE,hw_gpu_vram_model_mb,mAP@0.5,Average Detections,FPS,accuracy,total_samples,Samples/s,exact_match,f1,QPS,Exact Match,F1 Score,num_samples,Avg TTFT (ms),P99 TTFT (ms),Avg Decode Step (no KV cache) (ms),P99 Decode Step (no KV cache) (ms),Throughput (tokens/s),Total Tokens Generated,hw_cpu_util_proc_avg,hw_cpu_util_proc_max,hw_ram_proc_peak_mb,hw_gpu_util_proc_avg,hw_gpu_util_proc_max,hw_gpu_mem_proc_peak_mb,Avg TTFT estimate (ms),P99 TTFT estimate (ms),Avg TPOT estimate (ms),P99 TPOT estimate (ms),hw_gpu_proc_count_max,hw_gpu_mem_proc_peak_pct,hw_gpu_mem_proc_of_used_peak_pct
5f2e355b,2026-04-14 14:08:57,resnet50,IMAGE_CLASSIFICATION,onnxruntime,cpu,1,2,1000,1000,73.5,90.3,65.53126469205453,66.28819934179596,64.12642442966843,6.163318845941831,11.46858692245587,,,,,,,,96.88,11143.93,,,,,,,,,,,,,,,,,,,,,,,,,,,99.07,102.18,1086.77,,,,,,,,,,
88ea8ef5,2026-04-14 14:09:05,resnet50,IMAGE_CLASSIFICATION,onnxruntime,cuda,1,2,1000,1000,73.5,90.3,65.53126469205453,66.28819934179596,64.12642442966843,1.5292758741124999,1.6017347680099192,27.0,81.0,1692.94,38.33,41.0,77.93,2697.33,4.32,11385.28,NVIDIA GeForce RTX 5070 Ti,16303.0,1163.0,529.94,,,,385.25,,,,,,,,,,,,,,,,,,,4.61,6.98,1461.85,67.22,80.0,514.0,,,,,,,
9baaf551,2026-04-14 14:25:30,yolov5m,OBJECT_DETECTION,onnxruntime,cpu,1,2,,128,,,,,,46.169261671821005,59.64143876313758,,,,,,,,96.68,11282.85,,,,,,,,,0.5815414391532785,5.125,21.659432353676582,,,,,,,,,,,,,,,,98.79,99.7,1165.37,,,,,,,,,,
29728039,2026-04-14 14:25:37,yolov5m,OBJECT_DETECTION,onnxruntime,cuda,1,2,,128,,,,,,6.684561156532709,7.954426131364016,3.0,3.0,1696.44,36.8,41.0,59.14,2592.0,4.14,11529.18,NVIDIA GeForce RTX 5070 Ti,16303.0,1174.38,522.06,,,,375.37,0.5815424137739496,5.125,149.59845180303523,,,,,,,,,,,,,,,,5.04,7.55,1626.11,50.2,66.0,514.0,,,,,,,
ae654ff9,2026-04-14 14:26:06,patchtst-fm-r1,TIME_SERIES_FORECASTING,onnxruntime,cpu,1,2,,239,,,,,,1.86,2.268,,,,,,,,66.6,10785.45,,,,,0.423215,0.38391,0.619605,,,,,,,,,,,,,,,,,,,,100.51,102.72,831.68,,,,,,,,,,
bd111d5e,2026-04-14 14:26:14,patchtst-fm-r1,TIME_SERIES_FORECASTING,onnxruntime,cuda,1,2,,239,,,,,,0.489,0.597,0.0,0.0,1446.69,34.0,34.0,33.6,1905.0,0.0,11289.97,NVIDIA GeForce RTX 5070 Ti,16303.0,1166.62,280.07,0.423212,0.383911,0.619606,252.07,,,,,,,,,,,,,,,,,,,7.24,7.24,1303.18,0.0,0.0,272.0,,,,,,,
037d24a4,2026-04-14 14:47:43,bert-base-uncased-squad-v1,QUESTION_ANSWERING,onnxruntime,cpu,1,2,,,,,,,,49.22406443820794,64.58230352054659,,,,,,,,99.96,11422.77,,,,,,,,,,,,,10570,20.31526675850431,40.047303689687794,53.18188821688716,20.31526675850431,,,,,,,,,,99.4,100.22,1385.18,,,,,,,,,,
7d7b47d0,2026-04-14 14:48:37,bert-base-uncased-squad-v1,QUESTION_ANSWERING,onnxruntime,cuda,1,2,,,,,,,,4.171090785698011,4.307642159837997,88.41,91.0,2442.06,45.27,48.0,171.64,2761.87,4.65,11295.77,NVIDIA GeForce RTX 5070 Ti,16303.0,1149.56,1292.5,,,,762.06,,,,,10570,239.74544103159698,40.037842951750235,53.175062805456484,239.74544103159695,,,,,,,,,,4.36,7.04,1419.25,89.95,91.0,1282.0,,,,,,,
9e652ab8,2026-04-14 15:13:09,llama-3.2-3b,NLP_GENERATION,onnxruntime,cuda,1,2,500,,,,,,,1020.117868291927,33369.19790718868,73.05,95.0,9751.94,55.87,61.0,201.86,2737.22,6.57,12114.24,NVIDIA GeForce RTX 5070 Ti,16303.0,960.12,8791.82,,,,8478.5,,,,,,,,,,32.6,39.16498530455052,500,35.460679712057754,74.76996924022386,37.539518044455896,75.57632082252287,17.584242524871335,8969,4.38,6.37,2768.62,57.51,84.0,8484.0,,,,,,,
b20a1dc7,2026-05-04 15:24:19,llama-3.2-3b,NLP_GENERATION,vllm,cuda,1,2,1000,,,,,,,134.63324927532813,2376.1166188356583,95.86,97.0,15957.38,56.4,59.0,235.49,2771.05,8.27,13488.16,NVIDIA GeForce RTX 5070 Ti,16303.0,1096.0,14861.38,,,,14769.06,,,,,,,,,,34.5,40.06366296888675,1000,,,,,96.92999366978395,13050,6.43,10.3,3113.59,93.84,97.0,14738.0,12.262649566080611,19.2422033046023,12.262649566080611,19.2422033046023,1.0,90.4,93.02
fc5902c2,2026-05-06 16:51:35,resnet50,IMAGE_CLASSIFICATION,onnxruntime,cpu,1,2,1000,1000,73.5,90.3,65.53126469205453,66.28819934179596,64.12642442966843,6.1684866286523174,11.281417976133525,,,,,,,,96.77,17442.47,,,,,,,,,,,,,,,,,,,,,,,,,,,98.92,102.01,1050.84,,,,,,,,,,
54e905dd,2026-05-06 16:53:50,resnet50,IMAGE_CLASSIFICATION,onnxruntime,cuda,1,2,,3000,74.43333333333332,91.0,71.95242747699247,71.88282887361699,69.40540417732556,1.5396098664787132,1.6219183793873522,59.32,79.0,1818.62,40.96,42.0,107.45,2631.6,4.97,17689.07,NVIDIA GeForce RTX 5070 Ti,16303.0,1275.56,543.06,,,,377.13,,,,,,,,,,,,,,,,,,,4.44,6.42,1473.93,72.08,79.0,514.0,,,,,1.0,3.15,28.61
e77c985c,2026-05-06 17:02:41,resnet50,IMAGE_CLASSIFICATION,onnxruntime,cpu,1,2,1000,1000,73.5,90.3,65.53126469205453,66.28819934179596,64.12642442966843,6.046011222410016,10.750729863357265,,,,,,,,96.77,17466.0,,,,,,,,,,,,,,165.39830364413174,,,,,,,,,,,,,99.17,100.77,624.84,,,,,,,,,,
1a1acd4f,2026-06-02 13:04:43,resnet50,IMAGE_CLASSIFICATION,onnxruntime,cuda(jetson),1,2,,3000,74.46666666666667,91.0,71.959251086682,71.91694692206462,69.43099271366128,12.623605511000127,15.41829276992301,,,,,,,,14.68,2704.45,,,,,,,,,,,,,,79.21667063570756,,,,,,,,,,,,,12.91,19.7,1071.76,,,,,,
a6ef695a,2026-06-02 13:01:17,resnet50,IMAGE_CLASSIFICATION,hailort,hailo-8,1,2,,3000,0.1,0.33333333333333337,0.00010482180293501048,0.10482180293501049,0.00020943417169832262,4.040672855338168,4.488316329966435,,,,,,,,15.64,2004.47,,,,,,,,,,,,,,247.48353450066895,,,,,,,,,,,,,8.7,14.27,225.82,Hailo,Hailo-8/8L,device0,Hailo power measurement is unsupported or unavailable on this board/API; temperature-only monitoring is active.,41.3,42.17
4304286b,2026-04-10 18:09:30,resnet50,IMAGE_CLASSIFICATION,onnxruntime,cuda,1,2,,3000,74.43333333333332,91.0,71.95242747699247,71.88282887361699,69.40540417732556,1.5311387804104015,1.61464917473495,61.38,80.0,1928.88,39.77,41.0,109.1,2764.85,4.75,14323.21,NVIDIA GeForce RTX 5070 Ti,16303.0,1397.44,531.44,,,,379.0,,,,,,,,,,,,,,,,,,,,,,,,,,,,,,,,,,
4b4b9fb7,2026-04-10 18:10:12,yolov5m,OBJECT_DETECTION,onnxruntime,cuda,1,2,,128,,,,,,7.754056546218635,8.208444953197613,12.63,18.0,1949.44,36.32,37.0,64.04,2549.89,6.93,14380.8,NVIDIA GeForce RTX 5070 Ti,16303.0,1427.44,522.0,,,,376.0,0.5815424137739496,5.125,128.96475464673557,,,,,,,,,,,,,,,,,,,,,,,,,,,,,,,
0911c5a2,2026-04-10 18:15:16,bert-base-uncased,NLP_CLASSIFICATION,onnxruntime,cuda,1,2,,,,,,,,2.0290440471908036,2.2490923985606055,29.33,86.0,2467.81,38.78,42.0,91.23,2719.67,6.12,14805.48,NVIDIA GeForce RTX 5070 Ti,16303.0,1670.31,797.5,,,,759.57,,,,92.43119266055045,872,492.8429234370208,,,,,,,,,,,,,,,,,,,,,,,,,,,,
2d4c512d,2026-04-10 18:16:36,bert-base-uncased-squad-v1,QUESTION_ANSWERING,onnxruntime,cuda,1,2,,,,,,,,4.238375316044087,4.5845410821493715,88.84,92.0,2467.56,47.91,49.0,171.76,2763.61,6.15,15338.35,NVIDIA GeForce RTX 5070 Ti,16303.0,1640.0,827.56,,,,763.62,,,,,10570,235.93946392962573,40.037842951750235,53.175062805456484,235.93946392962576,,,,,,,,,,,,,,,,,,,,,,,,,
45fa4039,2026-04-10 18:42:59,llama-3.2-3b,NLP_GENERATION,onnxruntime,cuda,1,2,1000,,,,,,,563.1678349092108,12151.224340388868,73.51,83.0,10291.44,54.63,59.0,202.22,2732.75,4.71,16139.05,NVIDIA GeForce RTX 5070 Ti,16303.0,1591.56,8699.88,,,,8446.38,,,,,,,,,,34.9,40.10352758139843,1000,33.498029864160344,59.99677895088098,34.843425429642274,63.127349807913326,21.70756076999819,12225,,,,,,,,,,,,,,,,
34556f8f,2026-06-02 12:33:10,resnet50,IMAGE_CLASSIFICATION,onnxruntime,cuda(jetson),1,2,,3000,74.46666666666667,91.0,71.959251086682,71.91694692206462,69.43099271366128,27.78799103733468,35.58921431981616,,,,,,,,,,,,,,,,,,,,,,,35.98676848054419,,,,,,,,,,,,,,,,,,,,,094e5cb6,,,,,,,
a6ef695a,2026-06-02 13:01:17,resnet50,IMAGE_CLASSIFICATION,hailort,hailo-8,1,2,,3000,0.1,0.33333333333333337,0.00010482180293501048,0.10482180293501049,0.00020943417169832262,4.040672855338168,4.488316329966435,,,,,,,,15.64,2004.47,,,,,,,,,,,,,,247.48353450066895,,,,,,,,,,,,,8.7,14.27,225.82,Hailo,Hailo-8/8L,device0,Hailo power measurement is unsupported or unavailable on this board/API; temperature-only monitoring is active.,41.3,42.17,,,,,,,
44160350,2026-06-02 13:03:46,resnet50,IMAGE_CLASSIFICATION,onnxruntime,cuda(jetson),1,2,,3000,74.46666666666667,91.0,71.959251086682,71.91694692206462,69.43099271366128,12.588346230669684,14.85005711999287,,,,,,,,,,,,,,,,,,,,,,,79.4385522669884,,,,,,,,,,,,,,,,,,,,,,,,,,,,
1a1acd4f,2026-06-02 13:04:43,resnet50,IMAGE_CLASSIFICATION,onnxruntime,cuda(jetson),1,2,,3000,74.46666666666667,91.0,71.959251086682,71.91694692206462,69.43099271366128,12.623605511000127,15.41829276992301,,,,,,,,14.68,2704.45,,,,,,,,,,,,,,79.21667063570756,,,,,,,,,,,,,12.91,19.7,1071.76,,,,,,,,,,,,,
ca3530d0,2026-07-08 16:03:58,resnet50,IMAGE_CLASSIFICATION,deepx,npu0,1,2,,3000,80.2,94.96666666666667,78.04484045500473,78.30029171148267,75.91487998410872,4.107036490968312,10.74793210689676,,,,,,,,14.28,3198.1,,,,,,,,,,,,,,243.48456659663887,,,,,,,,,,,,,8.82,16.6,249.84,DEEPX,DEEPX NPU,0,,34.56,37.0,dx_engine.dev_status.DeviceStatus,1,"0,1,2,3,4,5,6,7",281.25,281.25,375.0,375.0
6a9bc990,2026-07-08 17:09:10,yolov5m,OBJECT_DETECTION,deepx,npu0,1,2,100,100,,,,,,64.27540235919878,69.03099495844799,,,,,,,,19.91,3352.79,,,,,,,,,0.3323115258714456,6.89,15.55805118747553,,,,,,,,,,,,,,,,16.83,20.55,215.41,DEEPX,DEEPX NPU,0,,57.61,58.0,dx_engine.dev_status.DeviceStatus,1,"0,1,2,3,4,5,6,7",281.52,288.75,375.0,375.0
91057315,2026-07-08 17:12:12,yolov5m,OBJECT_DETECTION,deepx,npu0,1,0,1,1,,,,,,73.48838599864393,73.48838599864393,,,,,,,,,,,,,,,,,,0.6666666666666666,6.0,13.60759236185229,,,,,,,,,,,,,,,,,,,,,,,,,,,,,,,
900eb84f,2026-07-08 17:22:05,yolov5m,OBJECT_DETECTION,deepx,npu0,1,2,100,100,,,,,,65.53665466984967,72.01770197862061,,,,,,,,21.85,3430.84,,,,,,,,,0.6536266941079415,6.89,15.258636636820173,,,,,,,,,,,,,,,,16.11,20.57,204.58,DEEPX,DEEPX NPU,0,,57.98,59.0,dx_engine.dev_status.DeviceStatus,1,"0,1,2,3,4,5,6,7",281.94,290.62,375.0,375.0
3d99bb80,2026-07-08 17:48:26,resnet50,IMAGE_CLASSIFICATION,onnxruntime,cuda(jetson),1,5,,3000,74.46666666666667,91.0,71.959251086682,71.91694692206462,69.43099271366128,32.26410277820347,35.44186941231601,,,,,,,,12.58,3909.91,,,,,,,,,,,,,,30.994198316141176,,,,,,,,,,,,,8.15,17.0,1080.54,,,,,,,,,,,,,
eb026e2f,2026-07-08 18:53:31,resnet50,IMAGE_CLASSIFICATION,onnxruntime,cuda,1,2,,3000,74.43333333333332,91.0,71.95242747699247,71.88282887361699,69.40540417732556,4.3381248213506,5.093603108543902,49.41,94.0,2176.06,36.97,37.0,54.73,823.96,10.2,19647.4,NVIDIA GeForce RTX 5070 Ti,16303.0,1703.12,472.94,,,,372.07,,,,,,230.514344603083,,,,,,,,,,,,,4.29,5.59,2071.28,46.89,93.0,512.0,,,,,1.0,3.14,23.67
